PDB_ID,GISAID_ID,Lineage,Sequence_Identity_Pct,PDB_Indexed_Mutations,Heavy_Chains_Mapped,Light_Chains_Mapped
7WJZ,EPI_ISL_111111,BA.5,100.0,WT_Match,"A,D,E,F,G,H","N,O,P,Q,R"
7WJZ,EPI_ISL_222222,XBB.1.5,99.9,N4K,"A,D,E,F,G,H","N,O,P,Q,R"
7WJY,EPI_ISL_111111,BA.5,95.41,WT_Match,"B,E","C,F"
7WJY,EPI_ISL_222222,XBB.1.5,95.41,WT_Match,"B,E","C,F"
7WS5,EPI_ISL_111111,BA.5,89.76,"del56,del57,del58,del121,del122,del123,del124,del205","E,G,I","D,F,H"
7WS5,EPI_ISL_222222,XBB.1.5,89.67,"N4K,del56,del57,del58,del121,del122,del123,del124,del205","E,G,I","D,F,H"
7WWI,EPI_ISL_111111,BA.5,88.71,"del55,del56,del57,del120,del121,del122,del123,del204","E,G,I","D,F,H"
7WWI,EPI_ISL_222222,XBB.1.5,88.61,"N3K,del55,del56,del57,del120,del121,del122,del123,del204","E,G,I","D,F,H"
8ERR,EPI_ISL_111111,BA.5,85.07,"del44,del45,del46,del109,del110,del548,C603Y,C756T,K859P","E,H,I","F,J,L"
8ERR,EPI_ISL_222222,XBB.1.5,85.07,"del44,del45,del46,del109,del110,del548,C603Y,C756T,K859P","E,H,I","F,J,L"
7XJ6,EPI_ISL_111111,BA.5,88.71,"del55,del56,del57,del120,del121,del122,del123,del204","E,G,I,K","D,F,H,J"
7XJ6,EPI_ISL_222222,XBB.1.5,88.61,"N3K,del55,del56,del57,del120,del121,del122,del123,del204","E,G,I,K","D,F,H,J"
7WS0,EPI_ISL_111111,BA.5,88.42,"R53V,F54I,T70I,del117,del118,del119,del120,del121,del122,del145,L146Q,E147G,N174R,L175E,V176P,R177E,G288D,S320L,S322P,S324F,K366N,N389K,G395S,S426N,T427K,E433A,Q442R,G445S,Q447R,N450Y,Y454H,T496K,D563G,H584Y,N681K,D713Y,F734P,L745C,N750K,A786P,A793P,A836P,Q848H,N863K,L875F","E,G,I","D,F,H"
7WS0,EPI_ISL_222222,XBB.1.5,88.33,"N3K,R53V,F54I,T70I,del117,del118,del119,del120,del121,del122,del145,L146Q,E147G,N174R,L175E,V176P,R177E,G288D,S320L,S322P,S324F,K366N,N389K,G395S,S426N,T427K,E433A,Q442R,G445S,Q447R,N450Y,Y454H,T496K,D563G,H584Y,N681K,D713Y,F734P,L745C,N750K,A786P,A793P,A836P,Q848H,N863K,L875F","E,G,I","D,F,H"
7WS1,EPI_ISL_111111,BA.5,88.42,"R53V,F54I,T70I,del117,del118,del119,del120,del121,del122,del145,L146Q,E147G,N174R,L175E,V176P,R177E,G288D,S320L,S322P,S324F,K366N,N389K,G395S,S426N,T427K,E433A,Q442R,G445S,Q447R,N450Y,Y454H,T496K,D563G,H584Y,N681K,D713Y,F734P,L745C,N750K,A786P,A793P,A836P,Q848H,N863K,L875F","E,G,I,K","D,F,H,J"
7WS1,EPI_ISL_222222,XBB.1.5,88.33,"N3K,R53V,F54I,T70I,del117,del118,del119,del120,del121,del122,del145,L146Q,E147G,N174R,L175E,V176P,R177E,G288D,S320L,S322P,S324F,K366N,N389K,G395S,S426N,T427K,E433A,Q442R,G445S,Q447R,N450Y,Y454H,T496K,D563G,H584Y,N681K,D713Y,F734P,L745C,N750K,A786P,A793P,A836P,Q848H,N863K,L875F","E,G,I,K","D,F,H,J"
7WS3,EPI_ISL_111111,BA.5,88.23,"R5T,R53V,F54I,del117,del118,del119,del120,del121,del122,C124F,G125R,del145,L146Q,E147G,N174R,L175E,V176P,R177E,G288D,S320L,S322P,S324F,K366N,N389K,G395S,R401L,S426N,E433A,Q442R,G445S,Q447R,N450Y,Y454H,T496K,H584Y,N681K,D713Y,F734P,L745C,N750K,A786P,A793P,A836P,N844D,Q848H,N863K,L875F","E,G,I","D,F,H"
7WS3,EPI_ISL_222222,XBB.1.5,88.13,"N3K,R5T,R53V,F54I,del117,del118,del119,del120,del121,del122,C124F,G125R,del145,L146Q,E147G,N174R,L175E,V176P,R177E,G288D,S320L,S322P,S324F,K366N,N389K,G395S,R401L,S426N,E433A,Q442R,G445S,Q447R,N450Y,Y454H,T496K,H584Y,N681K,D713Y,F734P,L745C,N750K,A786P,A793P,A836P,N844D,Q848H,N863K,L875F","E,G,I","D,F,H"
8K9B,EPI_ISL_111111,BA.5,85.45,"A52V,del54,del55,del56,del57,T73I,del120,del121,del122,del123,del124,del125,del126,del127,del128,del129,del130,del131,del132,del133,del156,del157,del158,del159,del160,N189R,L190E,V191P,R192E,del226,del227,del228,G310D,S342L,S344P,S346F,K388N,N411K,G417S,S448N,T449K,E455A,Q464R,G467S,Q469R,N472Y,Y476H,T518K,D585G,H606Y,N703K,D735Y,F756P,N774K,A810P,A817P,A860P,Q872H,N887K,L899F",A,B
8K9B,EPI_ISL_222222,XBB.1.5,85.35,"N2K,A52V,del54,del55,del56,del57,T73I,del120,del121,del122,del123,del124,del125,del126,del127,del128,del129,del130,del131,del132,del133,del156,del157,del158,del159,del160,N189R,L190E,V191P,R192E,del226,del227,del228,G310D,S342L,S344P,S346F,K388N,N411K,G417S,S448N,T449K,E455A,Q464R,G467S,Q469R,N472Y,Y476H,T518K,D585G,H606Y,N703K,D735Y,F756P,N774K,A810P,A817P,A860P,Q872H,N887K,L899F",A,B
7Q9J,EPI_ISL_111111,BA.5,85.36,"F4L,A53V,del55,del56,del57,del58,del59,A60D,T75I,del122,V123E,Y124F,Y125R,S126V,W127Y,M128S,E129S,S130A,E131N,F132N,R133C,V134T,Y135F,S136E,S137Y,A138V,N139S,N140Q,C141P,T142F,F143L,E144M,Y145Q,V146G,S147N,N173R,L174E,V175P,R176E,G177D,H204R,I205S,S206W,Y207T,L208A,G287D,S319L,S321P,S323F,N388K,G394S,S425N,T426K,K432A,Q441R,G444S,Q446R,Y453H,T495K,H583Y,V617A,N680K,D712Y,F733P,N746K,A782P,A789P,A832P,Q844H,N859K,L871F","E,H,J","F,K,L"
7Q9J,EPI_ISL_222222,XBB.1.5,85.26,"N3K,F4L,A53V,del55,del56,del57,del58,del59,A60D,T75I,del122,V123E,Y124F,Y125R,S126V,W127Y,M128S,E129S,S130A,E131N,F132N,R133C,V134T,Y135F,S136E,S137Y,A138V,N139S,N140Q,C141P,T142F,F143L,E144M,Y145Q,V146G,S147N,N173R,L174E,V175P,R176E,G177D,H204R,I205S,S206W,Y207T,L208A,G287D,S319L,S321P,S323F,N388K,G394S,S425N,T426K,K432A,Q441R,G444S,Q446R,Y453H,T495K,H583Y,V617A,N680K,D712Y,F733P,N746K,A782P,A789P,A832P,Q844H,N859K,L871F","E,H,J","F,K,L"
7YC5,EPI_ISL_111111,BA.5,87.56,"F52I,T68K,del113,del114,N162R,L163E,V164P,R165E,S196H,S197R,G198S,G280D,S312L,S314P,S316F,K358N,N381K,G387S,S418N,T419K,E425A,Q434R,G437S,Q439R,N442Y,Y446H,T488K,D555G,H576Y,N673K,D705Y,N745K,Q843H,N858K,L870F,del1037","G,H,I","D,E,F"
7YC5,EPI_ISL_222222,XBB.1.5,87.46,"N2K,F52I,T68K,del113,del114,N162R,L163E,V164P,R165E,S196H,S197R,G198S,G280D,S312L,S314P,S316F,K358N,N381K,G387S,S418N,T419K,E425A,Q434R,G437S,Q439R,N442Y,Y446H,T488K,D555G,H576Y,N673K,D705Y,N745K,Q843H,N858K,L870F,del1037","G,H,I","D,E,F"
7NDD,EPI_ISL_111111,BA.5,85.42,"A54V,del56,del57,del58,del59,T75I,del122,del123,del124,del125,del126,del127,del128,del129,del130,del131,del132,del133,del134,del135,D158G,N185R,L186E,V187P,R188E,del222,del223,del224,del225,del226,del227,del228,del229,del230,del231,G313D,S345L,S347P,S349F,K391N,N414K,G420S,S451N,T452K,E458A,Q467R,G470S,Q472R,N475Y,Y479H,T521K,D588G,H609Y,N706K,D738Y,F759P,N772K,A808P,A815P,A858P,Q870H,N885K,L897F","D,F,H","E,G,L"
7NDD,EPI_ISL_222222,XBB.1.5,85.32,"N4K,A54V,del56,del57,del58,del59,T75I,del122,del123,del124,del125,del126,del127,del128,del129,del130,del131,del132,del133,del134,del135,D158G,N185R,L186E,V187P,R188E,del222,del223,del224,del225,del226,del227,del228,del229,del230,del231,G313D,S345L,S347P,S349F,K391N,N414K,G420S,S451N,T452K,E458A,Q467R,G470S,Q472R,N475Y,Y479H,T521K,D588G,H609Y,N706K,D738Y,F759P,N772K,A808P,A815P,A858P,Q870H,N885K,L897F","D,F,H","E,G,L"
8HEB,EPI_ISL_111111,BA.5,87.46,"R53V,F54I,T70I,G117E,V118F,W119R,M120V,E121Y,E123N,F124C,R125T,V126F,Y127E,S128Y,S129V,A130S,N131Q,N132P,C133F,T134L,F135M,E136Q,Y137G,V138N,S139F,N164R,L165E,V166P,R167E,G278D,S310L,S312P,S314F,K356N,N379K,G385S,S416N,T417K,E423A,Q432R,G435S,Q437R,N440Y,Y444H,T486K,D553G,H574Y,N671K,D703Y,F724P,L735C,N740K,A776P,A783P,A826P,Q838H,N853K,L865F","E,G,I","D,F,H"
8HEB,EPI_ISL_222222,XBB.1.5,87.37,"N3K,R53V,F54I,T70I,G117E,V118F,W119R,M120V,E121Y,E123N,F124C,R125T,V126F,Y127E,S128Y,S129V,A130S,N131Q,N132P,C133F,T134L,F135M,E136Q,Y137G,V138N,S139F,N164R,L165E,V166P,R167E,G278D,S310L,S312P,S314F,K356N,N379K,G385S,S416N,T417K,E423A,Q432R,G435S,Q437R,N440Y,Y444H,T486K,D553G,H574Y,N671K,D703Y,F724P,L735C,N740K,A776P,A783P,A826P,Q838H,N853K,L865F","E,G,I","D,F,H"
8HEC,EPI_ISL_111111,BA.5,87.46,"R53V,F54I,T70I,G117E,V118F,W119R,M120V,E121Y,E123N,F124C,R125T,V126F,Y127E,S128Y,S129V,A130S,N131Q,N132P,C133F,T134L,F135M,E136Q,Y137G,V138N,S139F,N164R,L165E,V166P,R167E,G278D,S310L,S312P,S314F,K356N,N379K,G385S,S416N,T417K,E423A,Q432R,G435S,Q437R,N440Y,Y444H,T486K,D553G,H574Y,N671K,D703Y,F724P,L735C,N740K,A776P,A783P,A826P,Q838H,N853K,L865F","E,G,I","D,F,H"
8HEC,EPI_ISL_222222,XBB.1.5,87.37,"N3K,R53V,F54I,T70I,G117E,V118F,W119R,M120V,E121Y,E123N,F124C,R125T,V126F,Y127E,S128Y,S129V,A130S,N131Q,N132P,C133F,T134L,F135M,E136Q,Y137G,V138N,S139F,N164R,L165E,V166P,R167E,G278D,S310L,S312P,S314F,K356N,N379K,G385S,S416N,T417K,E423A,Q432R,G435S,Q437R,N440Y,Y444H,T486K,D553G,H574Y,N671K,D703Y,F724P,L735C,N740K,A776P,A783P,A826P,Q838H,N853K,L865F","E,G,I","D,F,H"
8DM3,EPI_ISL_111111,BA.5,85.98,"I6T,S11A,A51V,del53,del54,del55,del56,del57,T73I,del120,del121,del122,del123,del124,del125,del126,del127,del128,del129,del130,del131,del132,del133,D156F,N181R,L182E,G183P,R184E,del218,del219,del220,del221,F335L,A340T,N369D,S372R,G410S,G460S,T511K,N765K,L890F","H,M,P","L,N,Q"
8DM3,EPI_ISL_222222,XBB.1.5,85.89,"N4K,I6T,S11A,A51V,del53,del54,del55,del56,del57,T73I,del120,del121,del122,del123,del124,del125,del126,del127,del128,del129,del130,del131,del132,del133,D156F,N181R,L182E,G183P,R184E,del218,del219,del220,del221,F335L,A340T,N369D,S372R,G410S,G460S,T511K,N765K,L890F","H,M,P","L,N,Q"
8K9J,EPI_ISL_111111,BA.5,85.45,"A52V,del54,del55,del56,del57,T73I,del120,del121,del122,del123,del124,del125,del126,del127,del128,del129,del130,del131,del132,del133,del156,del157,del158,del159,del160,N189R,L190E,V191P,R192E,del226,del227,del228,G310D,S342L,S344P,S346F,K388N,N411K,G417S,S448N,T449K,E455A,Q464R,G467S,Q469R,N472Y,Y476H,T518K,D585G,H606Y,N703K,D735Y,F756P,N774K,A810P,A817P,A860P,Q872H,N887K,L899F","A,G","B,F"
8K9J,EPI_ISL_222222,XBB.1.5,85.35,"N2K,A52V,del54,del55,del56,del57,T73I,del120,del121,del122,del123,del124,del125,del126,del127,del128,del129,del130,del131,del132,del133,del156,del157,del158,del159,del160,N189R,L190E,V191P,R192E,del226,del227,del228,G310D,S342L,S344P,S346F,K388N,N411K,G417S,S448N,T449K,E455A,Q464R,G467S,Q469R,N472Y,Y476H,T518K,D585G,H606Y,N703K,D735Y,F756P,N774K,A810P,A817P,A860P,Q872H,N887K,L899F","A,G","B,F"
8K9M,EPI_ISL_111111,BA.5,85.45,"A52V,del54,del55,del56,del57,T73I,del120,del121,del122,del123,del124,del125,del126,del127,del128,del129,del130,del131,del132,del133,del156,del157,del158,del159,del160,N189R,L190E,V191P,R192E,del226,del227,del228,G310D,S342L,S344P,S346F,K388N,N411K,G417S,S448N,T449K,E455A,Q464R,G467S,Q469R,N472Y,Y476H,T518K,D585G,H606Y,N703K,D735Y,F756P,N774K,A810P,A817P,A860P,Q872H,N887K,L899F","A,G","B,F"
8K9M,EPI_ISL_222222,XBB.1.5,85.35,"N2K,A52V,del54,del55,del56,del57,T73I,del120,del121,del122,del123,del124,del125,del126,del127,del128,del129,del130,del131,del132,del133,del156,del157,del158,del159,del160,N189R,L190E,V191P,R192E,del226,del227,del228,G310D,S342L,S344P,S346F,K388N,N411K,G417S,S448N,T449K,E455A,Q464R,G467S,Q469R,N472Y,Y476H,T518K,D585G,H606Y,N703K,D735Y,F756P,N774K,A810P,A817P,A860P,Q872H,N887K,L899F","A,G","B,F"
7MJJ,EPI_ISL_111111,BA.5,86.79,"A54V,del56,del57,del58,del59,T75I,del122,del123,del124,del125,del126,del127,del128,N176R,L177E,V178P,R179E,del213,G295D,S327L,S329P,S331F,K373N,N396K,G402S,S433N,T434K,E440A,Q449R,G452S,Q454R,Y461H,T503K,D570G,H591Y,N685K,D717Y,N749K,Q847H,N862K,L874F","D,F","E,G"
7MJJ,EPI_ISL_222222,XBB.1.5,86.7,"N4K,A54V,del56,del57,del58,del59,T75I,del122,del123,del124,del125,del126,del127,del128,N176R,L177E,V178P,R179E,del213,G295D,S327L,S329P,S331F,K373N,N396K,G402S,S433N,T434K,E440A,Q449R,G452S,Q454R,Y461H,T503K,D570G,H591Y,N685K,D717Y,N749K,Q847H,N862K,L874F","D,F","E,G"
7MJK,EPI_ISL_111111,BA.5,86.79,"A54V,del56,del57,del58,del59,T75I,del122,del123,del124,del125,del126,del127,del128,N176R,L177E,V178P,R179E,del213,G295D,S327L,S329P,S331F,K373N,N396K,G402S,S433N,T434K,E440A,Q449R,G452S,Q454R,Y461H,T503K,D570G,H591Y,N685K,D717Y,N749K,Q847H,N862K,L874F","D,F,H","E,G,I"
7MJK,EPI_ISL_222222,XBB.1.5,86.7,"N4K,A54V,del56,del57,del58,del59,T75I,del122,del123,del124,del125,del126,del127,del128,N176R,L177E,V178P,R179E,del213,G295D,S327L,S329P,S331F,K373N,N396K,G402S,S433N,T434K,E440A,Q449R,G452S,Q454R,Y461H,T503K,D570G,H591Y,N685K,D717Y,N749K,Q847H,N862K,L874F","D,F,H","E,G,I"
8YZ5,EPI_ISL_111111,BA.5,86.32,"R3T,A51V,del53,del54,del55,del56,T72I,D119E,V120F,G121R,del141,del142,del143,del144,del145,N174R,L175E,V176P,R177E,del211,del212,del213,G295D,S327L,S329P,S331F,K373N,N396K,G402S,R408L,S433N,E440A,Q449R,G452S,Q454R,N457Y,Y461H,T503K,H591Y,N688K,D720Y,F741P,N754K,A790P,A797P,A840P,N848D,Q852H,N867K,L879F","G,I","J,K"
8YZ5,EPI_ISL_222222,XBB.1.5,86.22,"N1K,R3T,A51V,del53,del54,del55,del56,T72I,D119E,V120F,G121R,del141,del142,del143,del144,del145,N174R,L175E,V176P,R177E,del211,del212,del213,G295D,S327L,S329P,S331F,K373N,N396K,G402S,R408L,S433N,E440A,Q449R,G452S,Q454R,N457Y,Y461H,T503K,H591Y,N688K,D720Y,F741P,N754K,A790P,A797P,A840P,N848D,Q852H,N867K,L879F","G,I","J,K"
7R40,EPI_ISL_111111,BA.5,85.09,"A54V,del56,del57,del58,del59,del60,T76I,del123,del124,del125,del126,del127,del128,del129,del130,del131,del132,del133,del134,del135,del136,D159Q,L160G,E161N,G162F,del164,del216,del217,del218,del219,del220,del221,del222,G304D,S336L,S338P,S340F,K382N,N405K,G411S,S442N,T443K,E449A,Q458R,G461S,Q463R,N466Y,Y470H,T512K,D579G,H600Y,N697K,D729Y,N762K,Q860H,N875K,L887F","D,E,H","F,G,L"
7R40,EPI_ISL_222222,XBB.1.5,85.0,"N4K,A54V,del56,del57,del58,del59,del60,T76I,del123,del124,del125,del126,del127,del128,del129,del130,del131,del132,del133,del134,del135,del136,D159Q,L160G,E161N,G162F,del164,del216,del217,del218,del219,del220,del221,del222,G304D,S336L,S338P,S340F,K382N,N405K,G411S,S442N,T443K,E449A,Q458R,G461S,Q463R,N466Y,Y470H,T512K,D579G,H600Y,N697K,D729Y,N762K,Q860H,N875K,L887F","D,E,H","F,G,L"
7XCO,EPI_ISL_111111,BA.5,86.91,"del56,del57,del58,del121,del122,del123,del124,del205,del569,del570,del571,del572,del573,del574,del575,del576,del577,del578,del579,del580,del581,del582,del583,del584,del585,del586,del587,del588","H,M,O","L,N,P"
7XCO,EPI_ISL_222222,XBB.1.5,86.82,"N4K,del56,del57,del58,del121,del122,del123,del124,del205,del569,del570,del571,del572,del573,del574,del575,del576,del577,del578,del579,del580,del581,del582,del583,del584,del585,del586,del587,del588","H,M,O","L,N,P"
8HC3,EPI_ISL_111111,BA.5,89.19,"del56,del57,del58,del121,del122,del123,del124,del205","D,H","E,L"
8HC3,EPI_ISL_222222,XBB.1.5,89.09,"N4K,del56,del57,del58,del121,del122,del123,del124,del205","D,H","E,L"
8HC9,EPI_ISL_111111,BA.5,89.19,"del56,del57,del58,del121,del122,del123,del124,del205","D,F,H","E,G,L"
8HC9,EPI_ISL_222222,XBB.1.5,89.09,"N4K,del56,del57,del58,del121,del122,del123,del124,del205","D,F,H","E,G,L"
8HC2,EPI_ISL_111111,BA.5,89.19,"del56,del57,del58,del121,del122,del123,del124,del205",H,L
8HC2,EPI_ISL_222222,XBB.1.5,89.09,"N4K,del56,del57,del58,del121,del122,del123,del124,del205",H,L
8HCA,EPI_ISL_111111,BA.5,89.19,"del56,del57,del58,del121,del122,del123,del124,del205","D,F,H","E,G,L"
8HCA,EPI_ISL_222222,XBB.1.5,89.09,"N4K,del56,del57,del58,del121,del122,del123,del124,del205","D,F,H","E,G,L"
8HCB,EPI_ISL_111111,BA.5,89.19,"del56,del57,del58,del121,del122,del123,del124,del205","D,F,H","E,G,L"
8HCB,EPI_ISL_222222,XBB.1.5,89.09,"N4K,del56,del57,del58,del121,del122,del123,del124,del205","D,F,H","E,G,L"
7WK9,EPI_ISL_111111,BA.5,89.47,"del56,del57,del58,D121R,del141,del142,del143,del144,del145,del207,del208,del209,del573,F738P,A787P,A794P,A837P","A,C","B,D"
7WK9,EPI_ISL_222222,XBB.1.5,89.38,"N4K,del56,del57,del58,D121R,del141,del142,del143,del144,del145,del207,del208,del209,del573,F738P,A787P,A794P,A837P","A,C","B,D"
7WKA,EPI_ISL_111111,BA.5,88.11,"del56,del57,del58,D121R,del141,del142,del143,del144,del145,del207,del208,del209,del573,del574,del575,del576,del577,del578,del579,del580,del581,del582,F747P,A796P,A803P,A846P","A,C","B,D"
7WKA,EPI_ISL_222222,XBB.1.5,88.01,"N4K,del56,del57,del58,D121R,del141,del142,del143,del144,del145,del207,del208,del209,del573,del574,del575,del576,del577,del578,del579,del580,del581,del582,F747P,A796P,A803P,A846P","A,C","B,D"
8ITU,EPI_ISL_111111,BA.5,88.71,"del55,del56,del57,del120,del121,del122,del123,del204","E,G,I","D,F,H"
8ITU,EPI_ISL_222222,XBB.1.5,88.61,"N3K,del55,del56,del57,del120,del121,del122,del123,del204","E,G,I","D,F,H"
8H01,EPI_ISL_111111,BA.5,88.71,"del55,del56,del57,del120,del121,del122,del123,del204","E,G,I","D,F,H"
8H01,EPI_ISL_222222,XBB.1.5,88.61,"N3K,del55,del56,del57,del120,del121,del122,del123,del204","E,G,I","D,F,H"
8H00,EPI_ISL_111111,BA.5,88.71,"del55,del56,del57,del120,del121,del122,del123,del204","E,G,I","D,F,H"
8H00,EPI_ISL_222222,XBB.1.5,88.61,"N3K,del55,del56,del57,del120,del121,del122,del123,del204","E,G,I","D,F,H"
8K5H,EPI_ISL_111111,BA.5,87.02,"del105,del106,del107,del130,del131,del555,del556,del557,del558,del559,del560,del561,del562,del563,del564,del565,del566,del567,del568,del569,del570,del571,del572,del573,del574,A751I",H,L
8K5H,EPI_ISL_222222,XBB.1.5,87.02,"del105,del106,del107,del130,del131,del555,del556,del557,del558,del559,del560,del561,del562,del563,del564,del565,del566,del567,del568,del569,del570,del571,del572,del573,del574,A751I",H,L
